answer_concept_coverage,answer_deterministic_score,answer_latency_s,answer_path,atomic_support_proxy,behavior_ok,citation_precision_proxy,context_precision,context_recall,context_score,expected_behavior,family,id,judge_actionability,judge_answer_relevance,judge_citation_quality,judge_context_relevance,judge_faithfulness,judge_latency_s,judge_scientific_correctness,judge_score,judge_summary,judge_uncertainty_calibration,judge_unsupported_claims_count,overall_score,retrieval_mrr,retrieval_ndcg_at_10,retrieval_precision_at_10,retrieval_recall_at_10,retrieval_score,run_id,run_index,task_type
0.6666666666666666,0.9166666666666666,10.392103374993894,raw/tasks/d93_nu_minus2_hysteresis_caution/run_000/answer.md,0.8333333333333334,True,1.0,0.18571428571428572,1.0,0.5928571428571429,caution,uncertainty,d93_nu_minus2_hysteresis_caution,4,5,5,5,5,8.959917249972932,5,0.9714285714285714,"The answer correctly gives the cautious conclusion required: local evidence is not enough to claim a robust hysteretic nu=-2 magnetic state in D93. It grounds the conclusion in the supplied D93 graph claim, linked open question, and follow-up edge, and it appropriately distinguishes observation, inference, and uncertainty.",5,0,0.8262241346955046,1.0,0.9197207891481876,0.2,1.0,0.8239441578296375,d93_nu_minus2_hysteresis_caution__run_000,0,claim_lookup
1.0,1.0,9.847401915991213,raw/tasks/d93_nu_minus2_hysteresis_caution/run_001/answer.md,1.0,True,1.0,0.18571428571428572,1.0,0.5928571428571429,caution,uncertainty,d93_nu_minus2_hysteresis_caution,5,5,5,5,5,9.591623792017344,5,1.0,"The answer correctly gives the cautious conclusion that local evidence is insufficient to claim a robust hysteretic nu=-2 magnetic state in D93. It cites the directly relevant D93 claim, the linked open question, and the follow-up edge, and it preserves the key caveat that the feature is interesting but unresolved because hysteresis was not robust.",5,0,0.8542003251716951,1.0,0.9197207891481876,0.2,1.0,0.8239441578296375,d93_nu_minus2_hysteresis_caution__run_001,1,claim_lookup
0.6666666666666666,0.9444444444444444,11.756790666957386,raw/tasks/d93_nu_minus2_hysteresis_caution/run_002/answer.md,1.0,True,1.0,0.18571428571428572,1.0,0.5928571428571429,caution,uncertainty,d93_nu_minus2_hysteresis_caution,4,5,5,5,5,11.607402916997671,5,0.9714285714285714,"The answer correctly gives a cautious conclusion: local evidence is insufficient to claim a robust hysteretic nu=-2 magnetic state in D93. It cites the D93 deck-derived claim, the linked open question, and the graph edge noting hysteresis was not robust, and it appropriately distinguishes observation, inference, and uncertainty.",5,0,0.833168579139949,1.0,0.9197207891481876,0.2,1.0,0.8239441578296375,d93_nu_minus2_hysteresis_caution__run_002,2,claim_lookup
0.6666666666666666,0.9444444444444444,9.879370791022666,raw/tasks/d93_nu_minus2_hysteresis_caution/run_003/answer.md,1.0,True,1.0,0.18571428571428572,1.0,0.5928571428571429,caution,uncertainty,d93_nu_minus2_hysteresis_caution,4,5,5,5,5,8.105408583011013,5,0.9714285714285714,"The answer correctly takes a cautious stance: D93 has a near-nu=-2 RMCD/saturation-like feature, but the supplied context says hysteresis is not clear/robust and follow-up is needed. Claims are well supported and tied to the relevant graph node, edge, and deck provenance.",5,0,0.833168579139949,1.0,0.9197207891481876,0.2,1.0,0.8239441578296375,d93_nu_minus2_hysteresis_caution__run_003,3,claim_lookup
0.6666666666666666,0.9444444444444444,23.946768582973164,raw/tasks/d93_nu_minus2_hysteresis_caution/run_004/answer.md,1.0,True,1.0,0.18571428571428572,1.0,0.5928571428571429,caution,uncertainty,d93_nu_minus2_hysteresis_caution,4,5,5,5,5,6.8836085830116645,5,0.9714285714285714,"The answer correctly gives a cautious negative conclusion: local evidence is insufficient to claim D93 has a robust hysteretic nu=-2 magnetic state. It distinguishes observed RMCD/saturation-like D-field dependence from the missing clear hysteresis, cites the relevant D93 graph claim and open question, and notes appropriate evidence gaps.",5,0,0.833168579139949,1.0,0.9197207891481876,0.2,1.0,0.8239441578296375,d93_nu_minus2_hysteresis_caution__run_004,4,claim_lookup
1.0,0.9666666666666667,11.598680791037623,raw/tasks/d93_nu_minus2_hysteresis_caution/run_005/answer.md,1.0,True,0.8,0.18571428571428572,1.0,0.5928571428571429,caution,uncertainty,d93_nu_minus2_hysteresis_caution,5,5,5,5,5,8.462183874973562,5,1.0,"The answer correctly gives a cautious negative conclusion: local evidence is insufficient to claim D93 has a robust hysteretic nu=-2 magnetic state. It distinguishes observation, inference, and uncertainty, cites the relevant D93 graph claim and follow-up edge, and names the missing evidence needed to strengthen the claim.",5,0,0.8458669918383618,1.0,0.9197207891481876,0.2,1.0,0.8239441578296375,d93_nu_minus2_hysteresis_caution__run_005,5,claim_lookup
0.6666666666666666,0.9444444444444444,15.76780604099622,raw/tasks/d93_nu_minus2_hysteresis_caution/run_006/answer.md,1.0,True,1.0,0.18571428571428572,1.0,0.5928571428571429,caution,uncertainty,d93_nu_minus2_hysteresis_caution,5,5,5,5,5,7.3459476249990985,5,1.0,"The answer correctly gives a cautious negative conclusion: local evidence for D93 shows an interesting near-nu=-2 RMCD/saturation-like feature but lacks robust hysteresis, so the robust hysteretic magnetic-state claim is not established. It cites the relevant D93 claim, open question, and graph edge, and gives appropriate follow-up caveats.",5,0,0.8403114362828061,1.0,0.9197207891481876,0.2,1.0,0.8239441578296375,d93_nu_minus2_hysteresis_caution__run_006,6,claim_lookup
0.6666666666666666,0.9444444444444444,9.830462708952837,raw/tasks/d93_nu_minus2_hysteresis_caution/run_007/answer.md,1.0,True,1.0,0.18571428571428572,1.0,0.5928571428571429,caution,uncertainty,d93_nu_minus2_hysteresis_caution,5,5,5,5,5,5.487901082960889,5,1.0,"The answer correctly gives the cautious conclusion required by the rubric: there is not enough local evidence to claim a robust hysteretic nu=-2 magnetic state in D93. It directly cites the relevant D93 graph claim, open question, and follow-up edge, keeps observation/inference/uncertainty distinct, and avoids forbidden overconfident terms.",5,0,0.8403114362828061,1.0,0.9197207891481876,0.2,1.0,0.8239441578296375,d93_nu_minus2_hysteresis_caution__run_007,7,claim_lookup
0.6666666666666666,0.9444444444444444,10.678103791025933,raw/tasks/d93_nu_minus2_hysteresis_caution/run_008/answer.md,1.0,True,1.0,0.18571428571428572,1.0,0.5928571428571429,caution,uncertainty,d93_nu_minus2_hysteresis_caution,5,5,5,5,5,6.719822499959264,5,1.0,"The answer correctly gives a cautious negative conclusion: local evidence is insufficient to claim a robust hysteretic nu=-2 magnetic state in D93. It cites the specific D93 claim, open question, and graph edge showing lack of clear/robust hysteresis, distinguishes observation from inference, and identifies needed follow-up evidence.",5,0,0.8403114362828061,1.0,0.9197207891481876,0.2,1.0,0.8239441578296375,d93_nu_minus2_hysteresis_caution__run_008,8,claim_lookup
0.6666666666666666,0.9444444444444444,10.316416540998034,raw/tasks/d93_nu_minus2_hysteresis_caution/run_009/answer.md,1.0,True,1.0,0.18571428571428572,1.0,0.5928571428571429,caution,uncertainty,d93_nu_minus2_hysteresis_caution,5,5,5,5,5,7.357927290955558,5,1.0,"The answer correctly takes the cautious position required by the task: local D93 evidence supports a possible near-nu=-2 RMCD magnetic/saturation feature but not a robust hysteretic state. It cites the relevant D93 claim, linked open question, and follow-up edge, and clearly states the missing evidence and controls needed before claiming robustness.",5,0,0.8403114362828061,1.0,0.9197207891481876,0.2,1.0,0.8239441578296375,d93_nu_minus2_hysteresis_caution__run_009,9,claim_lookup
1.0,0.8333333333333334,15.48352370900102,raw/tasks/moire_exciton_exclude_polariton/run_000/answer.md,1.0,True,1.0,0.24444444444444444,0.5,0.37222222222222223,answer,hard_negative,moire_exciton_exclude_polariton,4,5,3,3,3,14.497692208038643,3,0.7142857142857143,"The answer addresses the task and correctly excludes the polariton/waveguide distractors based on the provided summaries. However, its strongest recommended reference and detailed scientific claim are unsupported by the supplied context, weakening faithfulness and citation quality. The caveats are appropriate.",4,3,0.5273222944825989,0.14285714285714285,0.20438239758848611,0.1,0.5,0.1894479080891258,moire_exciton_exclude_polariton__run_000,0,paper_lookup
1.0,0.7761904761904762,17.267221291956957,raw/tasks/moire_exciton_exclude_polariton/run_001/answer.md,0.8571428571428571,True,0.8,0.24444444444444444,0.5,0.37222222222222223,answer,hard_negative,moire_exciton_exclude_polariton,4,4,3,3,3,14.776346665981691,4,0.7142857142857143,"The answer mostly addresses the requested retrieval and correctly identifies that polariton/waveguide papers should be excluded unless tied to moire trapping. However, it violates the forbidden-term constraint by naming both distractor titles, and it recommends an anyon-trion paper with details not supported by the supplied context. The uncertainty caveat is good, but citation discipline and strict faithfulness are only partially acceptable.",4,3,0.5130365801968846,0.14285714285714285,0.20438239758848611,0.1,0.5,0.1894479080891258,moire_exciton_exclude_polariton__run_001,1,paper_lookup
1.0,0.8333333333333334,13.819774457952008,raw/tasks/moire_exciton_exclude_polariton/run_002/answer.md,1.0,True,1.0,0.24444444444444444,0.5,0.37222222222222223,answer,hard_negative,moire_exciton_exclude_polariton,4,4,3,3,2,18.411965249979403,3,0.6285714285714286,"The answer is directionally relevant and correctly attempts to exclude polariton/waveguide distractors, but it relies on a key reference that is not in the supplied context and overstates it as the strongest local reference. The caveat about incomplete context helps, but faithfulness and citation discipline are only partially acceptable.",3,3,0.5058937230540275,0.14285714285714285,0.20438239758848611,0.1,0.5,0.1894479080891258,moire_exciton_exclude_polariton__run_002,2,paper_lookup
1.0,0.8,17.645441750006285,raw/tasks/moire_exciton_exclude_polariton/run_003/answer.md,0.8,True,1.0,0.24444444444444444,0.5,0.37222222222222223,answer,hard_negative,moire_exciton_exclude_polariton,4,4,3,3,3,16.062859416997526,4,0.7142857142857143,"The answer mostly addresses the exclusion logic and identifies one supported optical twisted-MoTe2 reference, but it relies on an unsupported anyon-trion reference and violates the forbidden-term constraint by naming a distractor paper. Caveats are reasonably calibrated, but citation discipline is only partial.",4,4,0.5189889611492656,0.14285714285714285,0.20438239758848611,0.1,0.5,0.1894479080891258,moire_exciton_exclude_polariton__run_003,3,paper_lookup
1.0,0.8333333333333334,15.535240124969278,raw/tasks/moire_exciton_exclude_polariton/run_004/answer.md,1.0,True,1.0,0.24444444444444444,0.5,0.37222222222222223,answer,hard_negative,moire_exciton_exclude_polariton,4,4,3,3,3,15.782873292046133,3,0.6857142857142857,"The answer addresses the exclusion requirement and identifies one supported optical PL/RMCD moire-related reference, while appropriately excluding polariton/waveguide distractors. However, one named key reference and its scientific details are not supported by the supplied context, and the response may conflate optical signatures of correlated moire states with moire exciton trapping/signatures. Citations are partly useful but uneven.",4,2,0.5201794373397418,0.14285714285714285,0.20438239758848611,0.1,0.5,0.1894479080891258,moire_exciton_exclude_polariton__run_004,4,paper_lookup
1.0,0.8125,15.569518792035524,raw/tasks/moire_exciton_exclude_polariton/run_005/answer.md,1.0,True,0.875,0.24444444444444444,0.5,0.37222222222222223,answer,hard_negative,moire_exciton_exclude_polariton,4,4,2,3,2,14.398664583044592,3,0.6,"The answer mostly addresses the lookup task and correctly recognizes that polariton/waveguide papers should be excluded absent moire trapping evidence. However, it violates the forbidden-term constraint and relies on an unsupported anyon-trion reference as the strongest candidate. The caveat at the end helps, but the unsupported citation and over-specific claims substantially weaken faithfulness and citation quality.",3,3,0.493542532577837,0.14285714285714285,0.20438239758848611,0.1,0.5,0.1894479080891258,moire_exciton_exclude_polariton__run_005,5,paper_lookup
1.0,0.7878787878787878,15.203699750010855,raw/tasks/moire_exciton_exclude_polariton/run_006/answer.md,1.0,True,0.7272727272727273,0.24444444444444444,0.5,0.37222222222222223,answer,hard_negative,moire_exciton_exclude_polariton,3,4,2,3,3,15.153817291953601,3,0.6285714285714286,"Partially acceptable: it addresses the exclusion filter and correctly rejects the polariton/waveguide distractors based on supplied evidence, but its main recommended reference and detailed anyon-trion interpretation are unsupported by the provided context. The uncertainty caveat helps, but not enough to offset the unsupported top citation.",4,3,0.4945300866903911,0.14285714285714285,0.20438239758848611,0.1,0.5,0.1894479080891258,moire_exciton_exclude_polariton__run_006,6,paper_lookup
1.0,0.7948717948717949,20.248991083994042,raw/tasks/moire_exciton_exclude_polariton/run_007/answer.md,1.0,True,0.7692307692307693,0.24444444444444444,0.5,0.37222222222222223,answer,hard_negative,moire_exciton_exclude_polariton,4,4,3,3,2,18.106160500028636,3,0.6571428571428571,"The answer is relevant and correctly applies the exclusion logic in spirit, but it overreaches beyond the supplied context by elevating an unsupported anyon-trion paper as the strongest hit and by asserting local paths and graph links not shown. It also violates the forbidden-term constraint by naming a distractor title verbatim. The caveat about incomplete context is helpful, but faithfulness and citation discipline are weak.",4,4,0.5034211955815,0.14285714285714285,0.20438239758848611,0.1,0.5,0.1894479080891258,moire_exciton_exclude_polariton__run_007,7,paper_lookup
1.0,0.8125,16.40916537499288,raw/tasks/moire_exciton_exclude_polariton/run_008/answer.md,1.0,True,0.875,0.24444444444444444,0.5,0.37222222222222223,answer,hard_negative,moire_exciton_exclude_polariton,4,4,3,4,3,14.6644705409999,3,0.7142857142857143,"The answer addresses the filter request and correctly excludes the visible polariton/waveguide distractors, with useful uncertainty caveats. However, its strongest cited moire-exciton reference is not supported by the supplied context, so faithfulness and citation quality are only partially acceptable.",4,3,0.5221139611492656,0.14285714285714285,0.20438239758848611,0.1,0.5,0.1894479080891258,moire_exciton_exclude_polariton__run_008,8,paper_lookup
1.0,0.8333333333333334,17.723407333018258,raw/tasks/moire_exciton_exclude_polariton/run_009/answer.md,1.0,True,1.0,0.24444444444444444,0.5,0.37222222222222223,answer,hard_negative,moire_exciton_exclude_polariton,3,4,2,3,2,17.125939916993957,3,0.5714285714285714,"The answer follows the exclusion intent and correctly excludes polariton/waveguide distractors based on supplied context. It also identifies the relevant local shelf and the optical twisted-MoTe2 arXiv node. However, its main recommended reference and several scientific details are unsupported by the provided context, and citations are too coarse.",3,3,0.4916080087683132,0.14285714285714285,0.20438239758848611,0.1,0.5,0.1894479080891258,moire_exciton_exclude_polariton__run_009,9,paper_lookup
1.0,0.8333333333333334,11.15212695900118,raw/tasks/a5_dot_project_context/run_000/answer.md,1.0,True,1.0,0.0,0.0,0.0,answer,project_context,a5_dot_project_context,5,5,4,5,5,10.969636416994035,5,0.9714285714285714,"The answer correctly identifies that A5 dot project-local context should be loaded first, specifically context/projects/active_projects.md, knowledge/projects/current_projects_2026_07_07.md, and high-signal A5 NAS-root materials before interpreting PL dispersion or peak tracking. It appropriately avoids global moire-paper context and notes the limitation that exact A5 files are not present in the supplied context. Citations are useful but file-level and one citation label is slightly awkward/malformed.",5,0,0.6550512419573786,1.0,0.8772153153380493,0.2,1.0,0.8154430630676098,a5_dot_project_context__run_000,0,project_status
0.6666666666666666,0.7777777777777778,12.877152667031623,raw/tasks/a5_dot_project_context/run_001/answer.md,1.0,True,1.0,0.0,0.0,0.0,answer,project_context,a5_dot_project_context,5,5,4,5,5,10.01038204098586,5,0.9714285714285714,"The answer correctly identifies that A5-specific local project context should be loaded first, including the active project registry, knowledge/project notes, and the NAS project root before interpreting PL dispersion or peak-tracking analysis. It distinguishes observation, inference, and uncertainty and avoids broad moire-literature drift.",5,0,0.6411623530684898,1.0,0.8772153153380493,0.2,1.0,0.8154430630676098,a5_dot_project_context__run_001,1,project_status
1.0,0.8333333333333334,13.398141541983932,raw/tasks/a5_dot_project_context/run_002/answer.md,1.0,True,1.0,0.0,0.0,0.0,answer,project_context,a5_dot_project_context,5,5,4,5,5,9.609042541997042,5,0.9714285714285714,"The answer correctly identifies that A5-specific local project context should be loaded before interpreting PL dispersion or peak-tracking, including context/projects and knowledge/projects notes plus the A5 NAS project root and high-signal analysis artifacts. It appropriately avoids broader literature-first retrieval and clearly states limits because the supplied context lacks actual PL/peak-tracking files.",5,0,0.6550512419573786,1.0,0.8772153153380493,0.2,1.0,0.8154430630676098,a5_dot_project_context__run_002,2,project_status
0.6666666666666666,0.7777777777777778,11.718605917005334,raw/tasks/a5_dot_project_context/run_003/answer.md,1.0,True,1.0,0.0,0.0,0.0,answer,project_context,a5_dot_project_context,5,5,4,5,5,7.621483750001062,5,0.9714285714285714,"The answer correctly identifies that A5 dot project-local context should be loaded before interpreting PL dispersion or peak-tracking analysis, including context/projects and knowledge/projects notes, the active A5 AAtA dot entry, the NAS root, and the current project snapshot. It stays within the supplied context and adds an appropriate caveat that detailed A5 analysis outputs are not included.",5,0,0.6411623530684898,1.0,0.8772153153380493,0.2,1.0,0.8154430630676098,a5_dot_project_context__run_003,3,project_status
0.6666666666666666,0.7777777777777778,13.746025667001959,raw/tasks/a5_dot_project_context/run_004/answer.md,1.0,True,1.0,0.0,0.0,0.0,answer,project_context,a5_dot_project_context,5,5,4,5,5,8.918291957990732,5,0.9714285714285714,"Strong answer. It correctly identifies the A5 dot project, ties PL dispersion and peak-tracking interpretation to local project context, prioritizes context/projects and knowledge/projects over global literature, and includes an appropriate caveat that exact A5 analysis filenames are not present in the supplied context.",5,0,0.6411623530684898,1.0,0.8772153153380493,0.2,1.0,0.8154430630676098,a5_dot_project_context__run_004,4,project_status
0.6666666666666666,0.7569444444444444,13.781841916963458,raw/tasks/a5_dot_project_context/run_005/answer.md,0.875,True,1.0,0.0,0.0,0.0,answer,project_context,a5_dot_project_context,5,5,4,5,5,10.264888708014041,5,0.9714285714285714,"The answer correctly identifies the A5 AAtA dot project, explicitly ties PL dispersion and peak-tracking interpretation to loading project-local context, and names both context/projects and knowledge/projects plus the NAS project root. It appropriately caveats that the supplied context does not contain the detailed A5 notes or analysis outputs. Citations are useful path-level citations, though not line-specific.",5,0,0.6359540197351564,1.0,0.8772153153380493,0.2,1.0,0.8154430630676098,a5_dot_project_context__run_005,5,project_status
0.6666666666666666,0.7569444444444444,13.13559958402766,raw/tasks/a5_dot_project_context/run_006/answer.md,0.875,True,1.0,0.0,0.0,0.0,answer,project_context,a5_dot_project_context,5,5,4,5,5,7.836742624989711,5,0.9714285714285714,"Strong answer. It correctly identifies A5 dot project context, explicitly says to load local context/projects and knowledge/projects notes before PL dispersion or peak-tracking interpretation, and avoids drifting into generic moire literature. It also appropriately caveats that the supplied context does not contain the actual analysis files or figures.",5,0,0.6359540197351564,1.0,0.8772153153380493,0.2,1.0,0.8154430630676098,a5_dot_project_context__run_006,6,project_status
0.6666666666666666,0.7777777777777778,13.829543832980562,raw/tasks/a5_dot_project_context/run_007/answer.md,1.0,True,1.0,0.0,0.0,0.0,answer,project_context,a5_dot_project_context,5,5,4,5,5,11.178706041013356,5,0.9714285714285714,"The answer correctly identifies that A5 dot interpretation should begin from local project context rather than global literature: the A5 active-project registry entry, project knowledge snapshots under knowledge/projects, and the A5 NAS project folder. It directly addresses PL dispersion and peak-tracking context loading, distinguishes observation from inference, and caveats that the supplied context does not contain the actual A5 analysis results. Citations are mostly specific and attached to the right claims, though line-level or more exact references would be stronger.",5,0,0.6411623530684898,1.0,0.8772153153380493,0.2,1.0,0.8154430630676098,a5_dot_project_context__run_007,7,project_status
0.6666666666666666,0.7777777777777778,11.605836124974303,raw/tasks/a5_dot_project_context/run_008/answer.md,1.0,True,1.0,0.0,0.0,0.0,answer,project_context,a5_dot_project_context,5,5,4,5,5,7.943934542010538,5,0.9714285714285714,"The answer correctly identifies that A5 is a project-specific context retrieval task, names the A5 AAtA dot project, connects PL dispersion and peak-tracking interpretation to loading local context from context/projects and knowledge/projects, and appropriately points to the NAS project root and high-signal local files. It avoids making unsupported scientific claims about the actual PL or peak-tracking results.",5,0,0.6411623530684898,1.0,0.8772153153380493,0.2,1.0,0.8154430630676098,a5_dot_project_context__run_008,8,project_status
0.6666666666666666,0.6888888888888889,11.62392295897007,raw/tasks/a5_dot_project_context/run_009/answer.md,0.6666666666666666,True,0.8,0.0,0.0,0.0,answer,project_context,a5_dot_project_context,5,5,4,5,5,8.050106832990423,5,0.9714285714285714,"The answer correctly identifies that A5 local project context should be loaded before interpreting PL dispersion or peak tracking, citing the active A5 project registry, project-context directive, and project knowledge conventions. It appropriately caveats that the supplied context lacks exact A5 note/script/table filenames.",5,0,0.6189401308462675,1.0,0.8772153153380493,0.2,1.0,0.8154430630676098,a5_dot_project_context__run_009,9,project_status
1.0,0.8333333333333334,14.657365249993745,raw/tasks/b79_project_context/run_000/answer.md,1.0,True,1.0,0.9583333333333334,0.5,0.7291666666666667,answer,project_context,b79_project_context,5,5,4,3,5,9.003340291965287,5,0.9142857142857143,"The answer correctly identifies that B79-specific RMCD/PL questions should be routed through local project context in context/projects and knowledge/projects before using generic optical context, and it lists relevant observables including RMCD, PL, hysteresis, displacement-field trends, peak splitting, and anomalous contrast. It appropriately caveats that the supplied context lacks a B79-specific entry or root path. Citations are somewhat coarse but attached to the right claims.",5,0,0.8241964285714286,1.0,1.0,0.6,0.5,0.82,b79_project_context__run_000,0,project_status
1.0,0.8333333333333334,14.344659416994546,raw/tasks/b79_project_context/run_001/answer.md,1.0,True,1.0,0.9583333333333334,0.5,0.7291666666666667,answer,project_context,b79_project_context,4,5,4,4,5,11.067031334037893,5,0.9142857142857143,"Strong answer. It correctly routes B79 RMCD/PL questions to project-specific local context under context/projects and knowledge/projects before relying on generic optical keywords, lists relevant RMCD/PL observables, and appropriately caveats that the supplied context lacks B79-specific identity, ownership, root path, or results.",5,0,0.8241964285714286,1.0,1.0,0.6,0.5,0.82,b79_project_context__run_001,1,project_status
1.0,0.8333333333333334,12.133609500015154,raw/tasks/b79_project_context/run_002/answer.md,1.0,True,1.0,0.9583333333333334,0.5,0.7291666666666667,answer,project_context,b79_project_context,4,5,4,3,5,7.0832379999919794,5,0.8857142857142857,"The answer correctly routes B79 questions to project-specific context before generic RMCD/PL interpretation, explicitly names context/projects and knowledge/projects, and lists relevant observables with appropriate caveats. It also correctly notes that the supplied context lacks a visible B79-specific entry or NAS root. Citations are reasonably specific to provided context items, though not line-level and partly cite the skill for observables rather than a B79-specific source. Context relevance is only partial because the context does not actually contain B79 project details.",5,0,0.8170535714285714,1.0,1.0,0.6,0.5,0.82,b79_project_context__run_002,2,project_status
1.0,0.8333333333333334,14.716899457969703,raw/tasks/b79_project_context/run_003/answer.md,1.0,True,1.0,0.9583333333333334,0.5,0.7291666666666667,answer,project_context,b79_project_context,5,5,4,4,5,9.132862375001423,5,0.9428571428571428,"Strong answer. It correctly identifies that B79-specific local project context is absent from the supplied pack, routes RMCD/PL questions through local project context first, names context/projects and knowledge/projects locations, and lists supported observables from the background-cataloguing guidance. Citations are useful file-level references but not very granular.",5,0,0.8313392857142857,1.0,1.0,0.6,0.5,0.82,b79_project_context__run_003,3,project_status
1.0,0.8055555555555556,11.617655458045192,raw/tasks/b79_project_context/run_004/answer.md,0.8333333333333334,True,1.0,0.9583333333333334,0.5,0.7291666666666667,answer,project_context,b79_project_context,5,5,4,4,5,9.448464207991492,5,0.9428571428571428,"The answer correctly identifies that B79 RMCD/PL questions should first route through local project context in context/projects and knowledge/projects, then consult high-signal measurement evidence and observables such as RMCD/PL features, hysteresis, displacement-field/gate dependence, splitting, maps/linecuts, fits, and plots. It appropriately notes that the supplied context lacks a B79-specific entry or results, avoiding unsupported scientific claims. Citations are useful but not highly granular.",5,0,0.8243948412698413,1.0,1.0,0.6,0.5,0.82,b79_project_context__run_004,4,project_status
1.0,0.7916666666666666,12.944622583047021,raw/tasks/b79_project_context/run_005/answer.md,0.75,True,1.0,0.9583333333333334,0.5,0.7291666666666667,answer,project_context,b79_project_context,4,5,4,4,5,6.379315000027418,5,0.9142857142857143,"The answer correctly identifies that B79-specific RMCD/PL questions should route through local project context in context/projects and knowledge/projects before relying on generic optical keywords, and it lists relevant observables including RMCD/MCD and PL/PLE. It appropriately notes that the supplied context does not expose a B79-specific entry or root, so it cannot give B79-specific results. Citations are file-level rather than line-level but are attached to the right claims.",5,0,0.8137797619047619,1.0,1.0,0.6,0.5,0.82,b79_project_context__run_005,5,project_status
1.0,0.8333333333333334,14.322456958005205,raw/tasks/b79_project_context/run_006/answer.md,1.0,True,1.0,0.9583333333333334,0.5,0.7291666666666667,answer,project_context,b79_project_context,4,5,4,4,5,17.153098209004384,5,0.9142857142857143,"Strong answer. It correctly abstains from inventing B79-specific details, routes RMCD/PL questions through local project context in context/projects and knowledge/projects, and identifies relevant observables from the cataloguing guidance. Citations are useful but somewhat broad rather than pinpointed.",5,0,0.8241964285714286,1.0,1.0,0.6,0.5,0.82,b79_project_context__run_006,6,project_status
1.0,0.8333333333333334,17.638459708017763,raw/tasks/b79_project_context/run_007/answer.md,1.0,True,1.0,0.9583333333333334,0.5,0.7291666666666667,answer,project_context,b79_project_context,4,5,3,3,5,11.600268791953567,5,0.8571428571428571,"The answer correctly identifies that B79-specific context is not visible in the supplied pack and appropriately routes the user to local project context under context/projects and knowledge/projects before answering RMCD/PL questions. It includes the required B79, RMCD, and PL concepts and gives defensible observables from the cataloguing skill. Citations are somewhat weak because one file citation is broad and one is a skill label rather than a precise source location, but the claims are supported and uncertainty is well calibrated.",5,0,0.8099107142857143,1.0,1.0,0.6,0.5,0.82,b79_project_context__run_007,7,project_status
1.0,0.7916666666666666,10.18993908399716,raw/tasks/b79_project_context/run_008/answer.md,0.75,True,1.0,0.9583333333333334,0.5,0.7291666666666667,answer,project_context,b79_project_context,5,5,4,4,5,11.419273582985625,5,0.9428571428571428,"Strong answer. It correctly routes B79 questions through project-specific local context first, names context/projects and knowledge/projects, includes RMCD and PL/photoluminescence observables, and clearly caveats that the supplied context lacks B79-specific facts. Citations are useful but not very granular.",5,0,0.8209226190476191,1.0,1.0,0.6,0.5,0.82,b79_project_context__run_008,8,project_status
1.0,0.8333333333333334,13.222823249991052,raw/tasks/b79_project_context/run_009/answer.md,1.0,True,1.0,0.9583333333333334,0.5,0.7291666666666667,answer,project_context,b79_project_context,4,5,4,3,4,8.044129833986517,4,0.8285714285714286,"The answer correctly routes B79 RMCD/PL questions to local project context under context/projects and knowledge/projects and identifies relevant optical observables. It appropriately caveats that the supplied context lacks a B79-specific node or project root, so exact B79 files/results cannot be claimed. Minor weakness: it imports broader tMoTe2 observables from nearby context without making fully explicit that these are general routing cues, not B79-specific evidence.",5,1,0.8027678571428571,1.0,1.0,0.6,0.5,0.82,b79_project_context__run_009,9,project_status
1.0,0.9444444444444444,29.248620790953282,raw/tasks/fci_evidence_hierarchy/run_000/answer.md,1.0,True,1.0,0.887107282695518,1.0,0.943553641347759,answer,multi_hop,fci_evidence_hierarchy,4,5,4,4,4,9.670840042002965,4,0.8571428571428572,"Strong answer overall: it directly ranks the evidence classes, explains the main failure modes each rules out, and includes appropriate caveats that optical/RMCD/PL are correlative rather than standalone proof. It is mostly faithful to the supplied context and uses citations tied to specific claims. Main weakness is combining thermodynamics with compressibility, leaving thermodynamics underdeveloped as a separate evidence type.",5,2,0.9362852357337652,1.0,1.0,1.0,1.0,1.0,fci_evidence_hierarchy__run_000,0,synthesis
1.0,0.9444444444444444,17.38270608399762,raw/tasks/fci_evidence_hierarchy/run_001/answer.md,1.0,True,1.0,0.887107282695518,1.0,0.943553641347759,answer,multi_hop,fci_evidence_hierarchy,4,5,4,4,4,11.155726749973837,4,0.8285714285714286,"The answer directly addresses the requested evidence hierarchy and includes the required evidence classes plus failure-mode logic. It is mostly faithful to the supplied context and appropriately caveats that the exact ranking is inferred rather than quoted. Citations are useful and mostly attached to relevant claims, though one transport citation appears outside the visible context and several artifact/failure-mode statements are plausible scientific reasoning rather than explicitly supported by the supplied evidence. The thermodynamics category could be separated more cleanly from compressibility.",4,3,0.929142378590908,1.0,1.0,1.0,1.0,1.0,fci_evidence_hierarchy__run_001,1,synthesis
1.0,0.9444444444444444,16.599178500007838,raw/tasks/fci_evidence_hierarchy/run_002/answer.md,1.0,True,1.0,0.887107282695518,1.0,0.943553641347759,answer,multi_hop,fci_evidence_hierarchy,4,4,3,4,4,11.561653957993258,4,0.8,"Good, mostly grounded synthesis that answers the hierarchy question and includes caveats. It correctly distinguishes bulk incompressibility, topological transport, spatial inhomogeneity, and optical proxy evidence. Main weaknesses are citation specificity, one citation apparently outside the supplied context, and a somewhat confused hierarchy that double-counts compressibility under thermodynamics.",5,2,0.9219995214480509,1.0,1.0,1.0,1.0,1.0,fci_evidence_hierarchy__run_002,2,synthesis
1.0,0.9444444444444444,17.629542500013486,raw/tasks/fci_evidence_hierarchy/run_003/answer.md,1.0,True,1.0,0.887107282695518,1.0,0.943553641347759,answer,multi_hop,fci_evidence_hierarchy,3,4,3,4,3,12.605759708036203,4,0.7142857142857143,"The answer addresses the evidence hierarchy and includes transport, compressibility, local probes, and optical/RMCD/PL, with useful caveats that optical probes are indirect. However, it conflates thermodynamics with compressibility and replaces the requested fifth category with optical control. Several claims, especially transport quantization and what each probe rules out, are scientifically plausible but not well supported by the provided context. Citations are mostly specific claim IDs, but one cited claim is absent from the context and several citations are attached to claims that go beyond the evidence provided.",4,4,0.9005709500194794,1.0,1.0,1.0,1.0,1.0,fci_evidence_hierarchy__run_003,3,synthesis
1.0,0.9333333333333333,20.398967542045284,raw/tasks/fci_evidence_hierarchy/run_004/answer.md,0.9333333333333333,True,1.0,0.887107282695518,1.0,0.943553641347759,answer,multi_hop,fci_evidence_hierarchy,3,4,3,4,3,15.419142000027932,4,0.7428571428571429,"The answer addresses the requested evidence hierarchy and explains useful failure modes: transport-only artifacts, compressible metal, spatial inhomogeneity/global-transport artifacts, and weak standalone optical evidence. It is appropriately cautious and separates observation from inference. Main weaknesses are that it merges evidence categories the question asked to rank separately, relies on some apparently unsupported specific claims/citations, and gives limited next-step/action guidance.",5,3,0.9049360293845587,1.0,1.0,1.0,1.0,1.0,fci_evidence_hierarchy__run_004,4,synthesis
1.0,0.9444444444444444,18.51133429101901,raw/tasks/fci_evidence_hierarchy/run_005/answer.md,1.0,True,1.0,0.887107282695518,1.0,0.943553641347759,answer,multi_hop,fci_evidence_hierarchy,4,5,4,4,4,7.203567499993369,4,0.8571428571428572,"The answer directly ranks the requested evidence types and explains what each helps rule out, including artifacts and failure modes. It is mostly faithful to the supplied context and appropriately caveats that the ranking is synthesized rather than formally specified. Citations are tied to claims, though several cited claim IDs are not fully visible in the supplied context excerpt and some rule-out statements are reasonable inferences rather than directly evidenced. Scientific interpretation is defensible, with mild concern that putting combined thermodynamics/compressibility + magneto-optics above transport/local probes is a judgment call not explicitly established by the context.",5,2,0.9362852357337652,1.0,1.0,1.0,1.0,1.0,fci_evidence_hierarchy__run_005,5,synthesis
1.0,0.8492063492063492,16.473317249969114,raw/tasks/fci_evidence_hierarchy/run_006/answer.md,1.0,True,0.42857142857142855,0.887107282695518,1.0,0.943553641347759,answer,multi_hop,fci_evidence_hierarchy,3,5,3,4,4,7.584365415968932,4,0.7714285714285715,"The answer directly ranks all requested evidence types and explains major failure modes/artifacts each helps rule out. It is mostly faithful to the supplied context, especially for local probes and compressibility plus magneto-optics as bulk evidence beyond transport. However, several citations refer to claim IDs not visible in the supplied context, and some transport/optical details go beyond what is explicitly shown. The hierarchy is scientifically defensible but partly inferential, with caveats included.",4,3,0.8910471404956699,1.0,1.0,1.0,1.0,1.0,fci_evidence_hierarchy__run_006,6,synthesis
1.0,0.9444444444444444,24.73905095900409,raw/tasks/fci_evidence_hierarchy/run_007/answer.md,1.0,True,1.0,0.887107282695518,1.0,0.943553641347759,answer,multi_hop,fci_evidence_hierarchy,4,5,3,4,4,14.880470957956277,4,0.8,"Strong answer overall: it addresses all requested probe classes, gives a practical evidence hierarchy, and explains what each probe rules out. It appropriately emphasizes concordance across probes and includes a caveat that the context does not provide a formal ranking. Main weaknesses are a few unsupported transport artifact examples, somewhat weak citation specificity, and an optical citation/claim that is not clearly present in the supplied context excerpt.",4,3,0.9219995214480509,1.0,1.0,1.0,1.0,1.0,fci_evidence_hierarchy__run_007,7,synthesis
1.0,0.9444444444444444,19.668298041040543,raw/tasks/fci_evidence_hierarchy/run_008/answer.md,1.0,True,1.0,0.887107282695518,1.0,0.943553641347759,answer,multi_hop,fci_evidence_hierarchy,4,5,4,4,4,8.20656716596568,4,0.8571428571428572,"Strong answer overall. It addresses all requested evidence types, explains what each rules out, and clearly separates observation, inference, and uncertainty. It is appropriately cautious that no single probe is definitive and that the supplied context does not define a formal ranking. Minor weaknesses are that the hierarchy is partly inferred, thermodynamics and compressibility are somewhat conflated, and a few citations point to claims not fully available in the supplied context.",5,2,0.9362852357337652,1.0,1.0,1.0,1.0,1.0,fci_evidence_hierarchy__run_008,8,synthesis
1.0,0.9444444444444444,17.195175042026676,raw/tasks/fci_evidence_hierarchy/run_009/answer.md,1.0,True,1.0,0.887107282695518,1.0,0.943553641347759,answer,multi_hop,fci_evidence_hierarchy,3,4,3,4,4,8.062008125009015,4,0.7428571428571429,"The answer addresses the evidence hierarchy and correctly emphasizes multi-probe support: transport for topological response, compressibility/thermodynamics for bulk gap, local probes for spatial/edge-bulk checks, and RMCD/PL as indirect filling/order probes. It is mostly faithful to the supplied context, with useful caveats about missing numerical criteria. Weaknesses are citation specificity, conflating thermodynamics and compressibility, adding optical control beyond the requested set, and only partially spelling out what each probe rules out.",4,2,0.9077138071623365,1.0,1.0,1.0,1.0,1.0,fci_evidence_hierarchy__run_009,9,synthesis
1.0,1.0,12.785155582998414,raw/tasks/optical_control_chern_states/run_000/answer.md,1.0,True,1.0,0.8799013603110242,1.0,0.9399506801555121,answer,multi_hop,optical_control_chern_states,4,5,4,5,4,11.291209708026145,4,0.8571428571428572,"Strong answer that clearly separates passive PL/RMCD probes from active optical pumping/control and covers integer and fractional Chern states. Main issue is inclusion of extra claims about thermodynamic evidence and optical switching/domain-wall writing that are not supported by the supplied context, even if plausibly related. Caveats are good and appropriately note missing experimental details and medium-confidence provenance.",4,2,0.9292733843245924,1.0,1.0,0.6,1.0,0.92,optical_control_chern_states__run_000,0,synthesis
1.0,1.0,14.395612208987586,raw/tasks/optical_control_chern_states/run_001/answer.md,1.0,True,1.0,0.8799013603110242,1.0,0.9399506801555121,answer,multi_hop,optical_control_chern_states,4,5,3,5,3,10.382805417000782,4,0.8,"The answer directly addresses the question and clearly separates passive PL/RMCD probing from active optical pumping/control of integer and fractional Chern states. It includes the required concepts and appropriate caution about evidentiary maturity. However, it overreaches beyond the supplied context by adding uncited or unavailable claims about thermodynamics, domain-wall writing, zero-field switching, and pump-power details. Citations are partly useful but weakened by references to nodes absent from the context.",4,5,0.914987670038878,1.0,1.0,0.6,1.0,0.92,optical_control_chern_states__run_001,1,synthesis
1.0,1.0,15.316948333987966,raw/tasks/optical_control_chern_states/run_002/answer.md,1.0,True,1.0,0.8799013603110242,1.0,0.9399506801555121,answer,multi_hop,optical_control_chern_states,4,5,3,5,3,11.413929041009396,4,0.8285714285714286,"The answer correctly separates passive optical probes (PL/RMCD) from active optical control via optical pumping and covers integer and fractional Chern states. However, it adds unsupported thermodynamic and domain-wall switching claims not found in the supplied context, weakening faithfulness and citation quality. The uncertainty caveat is appropriate and avoids over-detailing mechanisms not in context.",5,3,0.9221305271817352,1.0,1.0,0.6,1.0,0.92,optical_control_chern_states__run_002,2,synthesis
1.0,1.0,11.452454916026909,raw/tasks/optical_control_chern_states/run_003/answer.md,1.0,True,1.0,0.8799013603110242,1.0,0.9399506801555121,answer,multi_hop,optical_control_chern_states,4,5,3,5,3,14.589028874994256,4,0.8,"The answer directly addresses the question and correctly separates passive PL/RMCD probe roles from active optical pumping/control of integer and fractional Chern states. It includes the required concepts and appropriate uncertainty about missing quantitative details. Main weakness: it cites and relies on at least two claims not present in the supplied context excerpt, especially local compressibility/magneto-optics and optical switching/domain-wall writing, so faithfulness and citation quality are reduced.",4,2,0.914987670038878,1.0,1.0,0.6,1.0,0.92,optical_control_chern_states__run_003,3,synthesis
1.0,1.0,13.51360595895676,raw/tasks/optical_control_chern_states/run_004/answer.md,1.0,True,1.0,0.8799013603110242,1.0,0.9399506801555121,answer,multi_hop,optical_control_chern_states,3,5,3,5,3,10.34084433305543,4,0.7714285714285715,"The answer correctly separates passive PL/RMCD probing from active optical pumping/control and covers integer and fractional Chern states. However, it adds evidence not present in the supplied context, especially local compressibility/magneto-optics and optical switching/domain-wall writing claims. Citations are specific but partly invalid against the supplied context.",4,3,0.9078448128960209,1.0,1.0,0.6,1.0,0.92,optical_control_chern_states__run_004,4,synthesis
1.0,0.9791666666666666,17.402627125033177,raw/tasks/optical_control_chern_states/run_005/answer.md,1.0,True,0.875,0.8799013603110242,1.0,0.9399506801555121,answer,multi_hop,optical_control_chern_states,3,5,3,4,3,10.859104625007603,4,0.7428571428571429,"The answer directly addresses the question and clearly separates passive PL/RMCD probes from active optical pumping/control for integer and fractional Chern states. However, it imports extra claims and citations not available in the supplied context, especially local compressibility evidence and optical domain-wall writing, so faithfulness and citation quality are only partially acceptable. The uncertainty caveat is good but does not fully repair the unsupported additions.",4,2,0.8954936224198304,1.0,1.0,0.6,1.0,0.92,optical_control_chern_states__run_005,5,synthesis
1.0,1.0,13.83248841704335,raw/tasks/optical_control_chern_states/run_006/answer.md,1.0,True,1.0,0.8799013603110242,1.0,0.9399506801555121,answer,multi_hop,optical_control_chern_states,3,5,3,5,3,11.76232862501638,4,0.7714285714285715,"The answer directly addresses the question and clearly separates passive optical probes (PL/RMCD) from active optical control (optical pumping). It includes the required integer/fractional Chern-state framing and appropriately notes uncertainty about mechanisms and parameters. However, it overreaches beyond the supplied context by adding thermodynamic/local compressibility evidence and promoted optical switching/domain-wall claims that are not in the provided evidence.",4,2,0.9078448128960209,1.0,1.0,0.6,1.0,0.92,optical_control_chern_states__run_006,6,synthesis
1.0,1.0,18.714550583041273,raw/tasks/optical_control_chern_states/run_007/answer.md,1.0,True,1.0,0.8799013603110242,1.0,0.9399506801555121,answer,multi_hop,optical_control_chern_states,3,5,3,5,3,27.637339874985628,4,0.7714285714285715,"The answer correctly separates passive optical probes (PL/RMCD) from active optical control via optical pumping and covers integer and fractional Chern states. However, it imports unsupported extra claims about compressibility, zero-field switching, domain walls, and low pump power that are not in the supplied context. Citations are mostly specific but include non-context claim IDs, reducing faithfulness and citation quality.",4,4,0.9078448128960209,1.0,1.0,0.6,1.0,0.92,optical_control_chern_states__run_007,7,synthesis
1.0,1.0,15.876750291034114,raw/tasks/optical_control_chern_states/run_008/answer.md,1.0,True,1.0,0.8799013603110242,1.0,0.9399506801555121,answer,multi_hop,optical_control_chern_states,3,5,3,4,3,8.86743970902171,3,0.7142857142857143,"The answer correctly distinguishes passive PL/RMCD probes from active optical pumping/control and covers integer and fractional Chern states. However, it imports unsupported claims about local compressibility, zero-field switching, bistate cycling, and domain-wall writing that are not in the provided context. The caveat section appropriately notes missing mechanisms and quantitative conditions.",4,3,0.8935590986103066,1.0,1.0,0.6,1.0,0.92,optical_control_chern_states__run_008,8,synthesis
1.0,1.0,13.68764508300228,raw/tasks/optical_control_chern_states/run_009/answer.md,1.0,True,1.0,0.8799013603110242,1.0,0.9399506801555121,answer,multi_hop,optical_control_chern_states,3,5,3,5,4,13.871569166949484,4,0.8285714285714286,"Strong answer that clearly distinguishes passive PL/RMCD probing from active optical pumping/control and includes integer and fractional Chern states. Main claims are supported by the supplied graph nodes. However, it adds several details not present in the supplied context, including local compressibility/magneto-optics bulk evidence, spatially resolved bulk-edge probing, and domain-wall writing/bistate cycling, so faithfulness and citation quality are not perfect.",5,3,0.9221305271817352,1.0,1.0,0.6,1.0,0.92,optical_control_chern_states__run_009,9,synthesis
1.0,0.9761904761904762,19.928508416982368,raw/tasks/minus_one_third_interpretation/run_000/answer.md,1.0,True,0.8571428571428571,0.8715026161979944,0.6666666666666666,0.7690846414323305,caution,uncertainty,minus_one_third_interpretation,4,4,3,3,3,13.846911500033457,4,0.7428571428571429,"The answer is appropriately cautious and directly addresses competing interpretations for nu=-1/3 optical FQAH signatures, including PL/RMCD-style optical evidence, excitonic artifacts, magnetic competing order, and the need for Streda/Hall/compressibility corroboration. It correctly emphasizes uncertainty because the context lacks direct nu=-1/3 observation details. However, it misses required alternatives such as inhomogeneity, CDW, and trivial insulating/artifact scenarios, and some citations appear unsupported by the supplied context.",5,3,0.8570330651199873,1.0,1.0,0.7,1.0,0.94,minus_one_third_interpretation__run_000,0,synthesis
1.0,0.9633699633699634,36.757723540998995,raw/tasks/minus_one_third_interpretation/run_001/answer.md,0.9230769230769231,True,0.8571428571428571,0.8715026161979944,0.6666666666666666,0.7690846414323305,caution,uncertainty,minus_one_third_interpretation,4,5,4,4,4,8.23284083395265,4,0.8571428571428572,"Strong cautious answer. It correctly abstains from overinterpreting the specific nu=-1/3 optical claim, separates observation/inference/uncertainty, and lists plausible artifacts and separating evidence such as Hall/Streda response, incompressibility, filling dependence, spatial maps, and excitonic controls. Main weakness is missing explicit CDW/trivial interpretations and relying on a couple of citations not clearly present in the supplied context.",5,2,0.8823993654862877,1.0,1.0,0.7,1.0,0.94,minus_one_third_interpretation__run_001,1,synthesis
1.0,0.9761904761904762,19.767371167021338,raw/tasks/minus_one_third_interpretation/run_002/answer.md,1.0,True,0.8571428571428571,0.8715026161979944,0.6666666666666666,0.7690846414323305,caution,uncertainty,minus_one_third_interpretation,4,4,3,3,4,13.732454166049138,4,0.7714285714285715,"The answer is appropriately cautious and directly addresses competing interpretations for nu=-1/3 optical FQAH signatures, with useful separating evidence such as transport/Streda, incompressibility, spatial mapping, and reproducibility. It is mostly faithful to the supplied context, but misses required explicit CDW and trivial interpretations and uses a few citations/nodes that are not clearly available in the provided context.",5,2,0.8641759222628445,1.0,1.0,0.7,1.0,0.94,minus_one_third_interpretation__run_002,2,synthesis
1.0,0.962962962962963,19.253826958010904,raw/tasks/minus_one_third_interpretation/run_003/answer.md,1.0,True,0.7777777777777778,0.8715026161979944,0.6666666666666666,0.7690846414323305,caution,uncertainty,minus_one_third_interpretation,4,4,3,4,4,17.3847709170077,4,0.8,"The answer is appropriately cautious and mostly grounded in the supplied context. It addresses nu=-1/3, PL, competing magnetic order, excitonic artifacts, and separating evidence such as Streda/Landau-fan behavior, incompressibility, magneto-optics, and Hall response. However, it misses RMCD and several required alternative explanations including inhomogeneity, CDW, and trivial artifacts. Citations are mostly attached to claims but are somewhat broad, use internal IDs rather than precise source excerpts, and include one apparent typo in a claim ID.",5,1,0.8680119010988234,1.0,1.0,0.7,1.0,0.94,minus_one_third_interpretation__run_003,3,synthesis
0.75,0.9345238095238095,29.978714250028133,raw/tasks/minus_one_third_interpretation/run_004/answer.md,1.0,True,0.8571428571428571,0.8715026161979944,0.6666666666666666,0.7690846414323305,caution,uncertainty,minus_one_third_interpretation,4,4,3,4,4,13.506760083022527,4,0.8,"Strong cautious answer overall: it addresses nu=-1/3, PL/RMCD-type optical evidence, uncertainty, and tests that would separate FQAH from alternatives. It is mostly faithful to the supplied context, but it omits required artifact classes such as inhomogeneity, CDW, and trivial interpretations, and some citations appear unsupported by the visible context.",5,2,0.860902112739035,1.0,1.0,0.7,1.0,0.94,minus_one_third_interpretation__run_004,4,synthesis
1.0,0.9633699633699634,20.153323208971415,raw/tasks/minus_one_third_interpretation/run_005/answer.md,0.9230769230769231,True,0.8571428571428571,0.8715026161979944,0.6666666666666666,0.7690846414323305,caution,uncertainty,minus_one_third_interpretation,4,5,3,3,3,13.632357541006058,4,0.7714285714285715,"The answer is appropriately cautious and directly addresses how to separate optical nu=-1/3 signatures from artifacts using transport, thermodynamic, and field-density evidence. It correctly notes that the supplied context supports optical probes as state-sensitive but not automatically topological. However, it relies on citations not visible in the supplied context and misses explicit required alternatives such as CDW, trivial interpretations, and inhomogeneity.",5,4,0.8609707940577163,1.0,1.0,0.7,1.0,0.94,minus_one_third_interpretation__run_005,5,synthesis
1.0,0.9206349206349206,27.459013167012017,raw/tasks/minus_one_third_interpretation/run_006/answer.md,1.0,True,0.8571428571428571,0.8715026161979944,0.6666666666666666,0.7690846414323305,caution,uncertainty,minus_one_third_interpretation,4,4,3,3,3,14.351263458025642,4,0.7428571428571429,"The answer is appropriately cautious and directly addresses nu=-1/3 optical FQAH interpretation with PL/RMCD, artifacts, inhomogeneity, and evidence needed to separate alternatives. It correctly emphasizes transport, Streda-like shifts, compressibility, and controls. Main weaknesses are omission of explicit CDW and trivial-state alternatives, and some citations/claims that are not clearly present in the supplied context.",5,4,0.8431441762310985,1.0,1.0,0.7,1.0,0.94,minus_one_third_interpretation__run_006,6,synthesis
1.0,0.9761904761904762,18.842954709019978,raw/tasks/minus_one_third_interpretation/run_007/answer.md,1.0,True,0.8571428571428571,0.8715026161979944,0.6666666666666666,0.7690846414323305,caution,uncertainty,minus_one_third_interpretation,4,5,3,3,3,13.549210333032534,4,0.7714285714285715,"The answer is appropriately cautious, addresses nu=-1/3 optical FQAH interpretation, mentions PL/RMCD, artifacts, inhomogeneity, trivial/non-topological alternatives, and gives useful separating evidence such as transport, Streda-like response, filling dependence, incompressibility, and controls. However, the supplied context only partially supports this level of detail, and the answer cites nodes not included in the context. It also misses CDW explicitly.",5,4,0.8641759222628445,1.0,1.0,0.7,1.0,0.94,minus_one_third_interpretation__run_007,7,synthesis
1.0,0.9761904761904762,22.65480458404636,raw/tasks/minus_one_third_interpretation/run_008/answer.md,1.0,True,0.8571428571428571,0.8715026161979944,0.6666666666666666,0.7690846414323305,caution,uncertainty,minus_one_third_interpretation,4,4,3,3,3,14.771017832972575,4,0.7428571428571429,"The answer is cautious and largely addresses the question with useful separating evidence such as Hall quantization, incompressibility, Streda consistency, and multi-probe agreement. It correctly avoids claiming a confirmed nu=-1/3 result from the supplied context. However, it misses required competing-artifact concepts including inhomogeneity, CDW, and trivial interpretations, and some citations/claims extend beyond clearly supplied context.",5,3,0.8570330651199873,1.0,1.0,0.7,1.0,0.94,minus_one_third_interpretation__run_008,8,synthesis
1.0,0.9722222222222222,31.260183584003244,raw/tasks/minus_one_third_interpretation/run_009/answer.md,1.0,True,0.8333333333333334,0.8715026161979944,0.6666666666666666,0.7690846414323305,caution,uncertainty,minus_one_third_interpretation,4,4,3,3,3,17.907487166055944,4,0.7428571428571429,"The answer is cautious and mostly addresses the question by separating optical PL/RMCD-type signatures from topological proof and proposing transport, incompressibility, and Streda checks. However, it misses several required competing interpretations explicitly requested by the rubric, especially inhomogeneity, CDW, and trivial states, and some citations appear unsupported by the supplied context. Overall it is scientifically defensible but incomplete and somewhat over-cited beyond the provided evidence.",5,3,0.8560410016279238,1.0,1.0,0.7,1.0,0.94,minus_one_third_interpretation__run_009,9,synthesis
1.0,0.9444444444444444,24.997342499962542,raw/tasks/displacement_field_topology/run_000/answer.md,1.0,True,0.6666666666666666,0.36863553113553116,1.0,0.6843177655677656,answer,multi_hop,displacement_field_topology,3,4,3,3,4,16.51795241702348,4,0.7428571428571429,"The answer captures the main displacement-field sequence for MoTe2/WSe2 and appropriately separates observation, inference, and uncertainty. It is reasonably faithful and cautious, but incomplete on the required observable synthesis: PL is absent, transport is underdeveloped, and some citations are graph IDs or edge IDs that are not fully supported by the supplied visible context. Overall it is partially strong but misses required concepts and concrete distinctions.",5,2,0.8279048382173382,1.0,1.0,0.7,1.0,0.94,displacement_field_topology__run_000,0,synthesis
1.0,0.9375,22.395513500028756,raw/tasks/displacement_field_topology/run_001/answer.md,1.0,True,0.625,0.36863553113553116,1.0,0.6843177655677656,answer,multi_hop,displacement_field_topology,2,3,3,4,4,16.576951374998316,3,0.6857142857142857,"The answer is mostly faithful and appropriately cautious, and it uses the supplied displacement-field and phase-transition claims. However, it underdelivers on the central synthesis task: observables distinguishing regimes. It omits PL, does not give a useful transport/RMCD/PL comparison, and mainly restates phase labels. Citations are specific but include references to edge nodes not clearly present in the supplied context and one apparent RMCD citation typo.",5,2,0.8118830128205128,1.0,1.0,0.7,1.0,0.94,displacement_field_topology__run_001,1,synthesis
1.0,0.9444444444444444,16.557719250035007,raw/tasks/displacement_field_topology/run_002/answer.md,1.0,True,0.6666666666666666,0.36863553113553116,1.0,0.6843177655677656,answer,multi_hop,displacement_field_topology,3,4,3,4,4,11.637315250001848,4,0.7714285714285715,"Strong, cautious synthesis of displacement-field tuning and phase sequence. It is mostly faithful to the supplied context and appropriately separates observation, inference, and uncertainty. Main weaknesses are missing PL, somewhat generic observable distinctions, and citations that are useful but not always attached to the inferred transport/valley-coherence claims.",5,2,0.8350476953601953,1.0,1.0,0.7,1.0,0.94,displacement_field_topology__run_002,2,synthesis
1.0,0.9523809523809523,22.387381249980535,raw/tasks/displacement_field_topology/run_003/answer.md,1.0,True,0.7142857142857143,0.36863553113553116,1.0,0.6843177655677656,answer,multi_hop,displacement_field_topology,3,4,3,4,4,14.736958292021882,4,0.7714285714285715,"The answer is mostly grounded and appropriately cautious. It captures displacement-field-driven transitions, QAH, AFM, and valley-coherent phases, and uses RMCD/transport ideas, but misses PL and relies on some inferred observable distinctions that are not explicitly supported by the supplied context. Citations are mostly attached to relevant claims but include sparse graph IDs and edge references not fully visible in the context.",5,3,0.8370318223443223,1.0,1.0,0.7,1.0,0.94,displacement_field_topology__run_003,3,synthesis
1.0,1.0,26.44259500002954,raw/tasks/displacement_field_topology/run_004/answer.md,1.0,True,1.0,0.36863553113553116,1.0,0.6843177655677656,answer,multi_hop,displacement_field_topology,4,5,3,4,4,13.26782154099783,4,0.8285714285714286,"Strong, relevant synthesis grounded in the supplied context. It correctly identifies displacement-field tuning of MoTe2/WSe2 phases, QAH, AFM valley-coherent, valley order, RMCD, transport, and compressibility, with good caveats about missing numeric ranges and twisted MoTe2-specific displacement-field evidence. Main weaknesses are omission of PL despite the rubric, citation specificity, and some inferred observable signatures not directly supported by the context.",5,2,0.8632222985347986,1.0,1.0,0.7,1.0,0.94,displacement_field_topology__run_004,4,synthesis
1.0,0.9444444444444444,19.22929095797008,raw/tasks/displacement_field_topology/run_005/answer.md,1.0,True,0.6666666666666666,0.36863553113553116,1.0,0.6843177655677656,answer,multi_hop,displacement_field_topology,3,4,3,4,4,17.93109250004636,4,0.7714285714285715,"The answer gives a mostly defensible synthesis: displacement field is identified as a layer-potential knob that can drive MoTe2/WSe2 through frustrated Mott, QAH-Mott, and AFM valley-coherent regimes, and it separates observation, inference, and uncertainty well. It cites relevant claim IDs and avoids overclaiming where the context is incomplete. Main weaknesses are omission of PL despite the rubric, somewhat vague valley-coherence diagnostics, and citations that are not always clean or fully specific to the observable claims.",5,1,0.8350476953601953,1.0,1.0,0.7,1.0,0.94,displacement_field_topology__run_005,5,synthesis
1.0,0.9285714285714286,22.55852599994978,raw/tasks/displacement_field_topology/run_006/answer.md,1.0,True,0.5714285714285714,0.36863553113553116,1.0,0.6843177655677656,answer,multi_hop,displacement_field_topology,3,4,3,4,4,17.34259691601619,4,0.7714285714285715,"The answer is mostly faithful and appropriately cautious. It captures displacement-field tuning and the MoTe2/WSe2 phase sequence, including QAH and AFM valley-coherent regimes, and it uses RMCD/compressibility/transport at a high level. However, it misses PL entirely, gives only a partial observable map, and some discriminator statements are generic or inferred rather than directly grounded in the supplied context. The uncertainty caveat is strong and prevents major overclaiming.",5,2,0.8310794413919413,1.0,1.0,0.7,1.0,0.94,displacement_field_topology__run_006,6,synthesis
1.0,1.0,19.810684167023282,raw/tasks/displacement_field_topology/run_007/answer.md,1.0,True,1.0,0.36863553113553116,1.0,0.6843177655677656,answer,multi_hop,displacement_field_topology,2,4,3,4,4,10.57744854100747,4,0.7428571428571429,"The answer is cautious and mostly faithful to the supplied context. It correctly identifies displacement field as the tuning knob and gives the reported MoTe2/WSe2 phase sequence. However, it falls short of the rubric’s observable synthesis: it omits PL, barely treats transport, and does not clearly distinguish QAH, AFM, valley-coherent, and trivial regimes by observable signatures. Its uncertainty caveat is appropriate, but the final answer is less complete and actionable than expected.",5,2,0.8417937271062271,1.0,1.0,0.7,1.0,0.94,displacement_field_topology__run_007,7,synthesis
1.0,0.9333333333333333,22.144513832987286,raw/tasks/displacement_field_topology/run_008/answer.md,1.0,True,0.6,0.36863553113553116,1.0,0.6843177655677656,answer,multi_hop,displacement_field_topology,3,4,3,4,3,16.31325204198947,4,0.7142857142857143,"The answer addresses the main displacement-field phase sequence and separates observation, inference, and uncertainty reasonably well. It is partly under-supported for mechanism and observable assignments, omits PL, and relies on inferred Hall/RMCD distinctions that are not fully grounded in the supplied context.",4,3,0.8179842032967033,1.0,1.0,0.7,1.0,0.94,displacement_field_topology__run_008,8,synthesis
1.0,0.9583333333333334,20.436508040991612,raw/tasks/displacement_field_topology/run_009/answer.md,1.0,True,0.75,0.36863553113553116,1.0,0.6843177655677656,answer,multi_hop,displacement_field_topology,3,4,3,4,4,8.644615374971181,4,0.7714285714285715,"The answer is mostly grounded in the supplied context and correctly captures displacement-field-driven transitions in MoTe2/WSe2 and the broader mechanism of layer potential tuning topology and magnetic terms. It appropriately flags that several observable assignments are inferred rather than explicitly provided. Main weakness is missing PL entirely, plus only partial observable synthesis for distinguishing QAH, AFM, valley-coherent, and trivial regimes.",5,2,0.8385199175824176,1.0,1.0,0.7,1.0,0.94,displacement_field_topology__run_009,9,synthesis
1.0,0.8367003367003367,15.132950416998938,raw/tasks/low_conf_superconductivity_arxiv/run_000/answer.md,0.9090909090909091,True,0.4444444444444444,0.4326665618332285,0.6666666666666666,0.5496666142499476,caution,freshness,low_conf_superconductivity_arxiv,4,4,2,2,2,15.289868124993518,3,0.5714285714285714,"The answer has the right cautionary shape and gives a useful source-reading checklist, but it relies on several specific nodes and papers not supplied in the context. Its core recommendation to treat the arXiv item only as a reading target is sensible, but the identification and ranking of a specific lead is not faithful to the provided evidence.",3,4,0.7394488805947139,1.0,1.0,1.0,1.0,1.0,low_conf_superconductivity_arxiv__run_000,0,synthesis
1.0,0.8611111111111112,14.571225000021514,raw/tasks/low_conf_superconductivity_arxiv/run_001/answer.md,1.0,True,0.5,0.4326665618332285,0.6666666666666666,0.5496666142499476,caution,freshness,low_conf_superconductivity_arxiv,4,4,3,3,4,8.413518040964846,4,0.7714285714285715,"The answer is appropriately cautious and mostly faithful: it refuses to over-rank leads from insufficient context, treats the arXiv item as a discovery lead only, and gives concrete source-reading checks before promotion. Citation quality is only moderate because the key arXiv/node evidence is described as excluded and not directly supported by the supplied visible context. It satisfies the expected caution behavior and avoids the forbidden terms.",5,1,0.7955515741974075,1.0,1.0,1.0,1.0,1.0,low_conf_superconductivity_arxiv__run_001,1,synthesis
1.0,0.6569444444444444,29.41693883301923,raw/tasks/low_conf_superconductivity_arxiv/run_002/answer.md,0.875,True,0.4,0.4326665618332285,0.6666666666666666,0.5496666142499476,caution,freshness,low_conf_superconductivity_arxiv,4,5,3,3,3,23.686811916995794,3,0.7142857142857143,"The answer has the right cautious posture and correctly uses the context's promotion discipline: low-confidence arXiv records are discovery leads, not lab knowledge, and source reading is required. However, its central candidate IDs and ""excluded list"" are not in the supplied context, making the main lead selection only weakly faithful. It addresses the question well and gives useful source-reading checks, but the citations are mostly internal IDs and some are unsupported by the visible context.",4,2,0.7302241932450266,1.0,1.0,1.0,1.0,1.0,low_conf_superconductivity_arxiv__run_002,2,synthesis
1.0,0.8492063492063492,16.255231959046796,raw/tasks/low_conf_superconductivity_arxiv/run_003/answer.md,1.0,True,0.42857142857142855,0.4326665618332285,0.6666666666666666,0.5496666142499476,caution,freshness,low_conf_superconductivity_arxiv,5,5,2,2,2,11.965461749990936,3,0.6857142857142857,"The answer has the right cautious posture and gives a useful source-reading checklist, but it relies on paper/claim identifiers and exclusion-status details not supported by the provided context. It should have more explicitly abstained from naming any promotable superconductivity lead unless those nodes were actually supplied.",5,4,0.7711468122926456,1.0,1.0,1.0,1.0,1.0,low_conf_superconductivity_arxiv__run_003,3,synthesis
1.0,0.8444444444444444,17.352980625000782,raw/tasks/low_conf_superconductivity_arxiv/run_004/answer.md,1.0,True,0.4,0.4326665618332285,0.6666666666666666,0.5496666142499476,caution,freshness,low_conf_superconductivity_arxiv,4,4,2,2,2,28.489857957989443,3,0.6285714285714286,"The answer has the right cautious posture and gives useful source-reading requirements, but it invents or imports specific superconductivity leads and exclusion metadata that are not supported by the provided context. Its abstention language is good, but the candidate-identification claims are not faithful to the supplied evidence.",5,5,0.7556706218164552,1.0,1.0,1.0,1.0,1.0,low_conf_superconductivity_arxiv__run_004,4,synthesis
1.0,0.6736111111111112,19.25253995798994,raw/tasks/low_conf_superconductivity_arxiv/run_005/answer.md,1.0,True,0.375,0.4326665618332285,0.6666666666666666,0.5496666142499476,caution,freshness,low_conf_superconductivity_arxiv,4,5,3,3,3,14.141731291951146,4,0.7714285714285715,"The answer is appropriately cautious and directly addresses promotion discipline: read the arXiv/source first, verify what is actually observed, and promote only a narrow provenance-backed claim. However, it relies on specific lead IDs and paper IDs that are not supported by the supplied visible context, weakening faithfulness and citation quality. The uncertainty caveat partly mitigates this.",5,2,0.7486765741974075,1.0,1.0,1.0,1.0,1.0,low_conf_superconductivity_arxiv__run_005,5,synthesis
1.0,0.8611111111111112,18.976644709007815,raw/tasks/low_conf_superconductivity_arxiv/run_006/answer.md,1.0,True,0.5,0.4326665618332285,0.6666666666666666,0.5496666142499476,caution,freshness,low_conf_superconductivity_arxiv,4,5,2,2,2,11.255979667010251,3,0.6571428571428571,"The answer is appropriately cautious and gives useful source-reading requirements, but it overreaches by inventing or importing specific low-confidence arXiv leads and citations not supported by the supplied context. It should have abstained more strongly from identifying promotion candidates.",5,4,0.7669801456259789,1.0,1.0,1.0,1.0,1.0,low_conf_superconductivity_arxiv__run_006,6,synthesis
1.0,0.8611111111111112,15.9942371660145,raw/tasks/low_conf_superconductivity_arxiv/run_007/answer.md,1.0,True,0.5,0.4326665618332285,0.6666666666666666,0.5496666142499476,caution,freshness,low_conf_superconductivity_arxiv,4,4,2,2,2,18.642988083011005,3,0.6,"The answer is appropriately cautious and gives sensible source-reading checks, but it fabricates or relies on unavailable context for the named lead. The provided context mainly supports general promotion discipline and nearby FCI probe knowledge, not a specific superconductivity arXiv candidate.",4,3,0.7526944313402647,1.0,1.0,1.0,1.0,1.0,low_conf_superconductivity_arxiv__run_007,7,synthesis
1.0,0.8482905982905983,31.304277749964967,raw/tasks/low_conf_superconductivity_arxiv/run_008/answer.md,0.9230769230769231,True,0.5,0.4326665618332285,0.6666666666666666,0.5496666142499476,caution,freshness,low_conf_superconductivity_arxiv,5,4,2,2,3,17.18578358303057,4,0.6857142857142857,"The answer is appropriately cautious and gives a useful source-reading checklist before promotion, which matches the expected low-confidence arXiv discipline. However, it relies on node IDs and a claimed excluded-node list that are not in the supplied context, weakening faithfulness and citation quality. The safest answer would have abstained from naming or ranking specific leads unless their records were actually included.",4,4,0.7709178745637079,1.0,1.0,1.0,1.0,1.0,low_conf_superconductivity_arxiv__run_008,8,synthesis
1.0,0.8819444444444444,21.151209332980216,raw/tasks/low_conf_superconductivity_arxiv/run_009/answer.md,1.0,True,0.625,0.4326665618332285,0.6666666666666666,0.5496666142499476,caution,freshness,low_conf_superconductivity_arxiv,4,4,2,2,2,14.709119791979901,3,0.6,"The answer follows the expected cautionary stance and gives useful source-reading requirements, but it overreaches by naming and ranking low-confidence arXiv leads that are not supported by the supplied context. Its strongest part is the promotion discipline: source-read before treating anything as lab knowledge.",4,4,0.757902764673598,1.0,1.0,1.0,1.0,1.0,low_conf_superconductivity_arxiv__run_009,9,synthesis
1.0,0.7222222222222222,7.9423610419617034,raw/tasks/b79_exact_curie_temperature_abstain/run_000/answer.md,1.0,True,1.0,0.0,0.0,0.0,abstain,abstention,b79_exact_curie_temperature_abstain,4,5,4,3,5,10.336361333960667,5,0.8857142857142857,"The answer correctly abstains, explicitly states that B79 and any exact Curie temperature are not present in the supplied context, and avoids inventing a numeric value. Citations are attached to the relevant absence claim, though they are file-level rather than line- or passage-specific. It appropriately notes uncertainty about excluded or missing latest notes.",5,0,0.451984126984127,0.0,0.0,0.0,0.0,0.2,b79_exact_curie_temperature_abstain__run_000,0,project_status
1.0,0.8888888888888888,6.823578249954153,raw/tasks/b79_exact_curie_temperature_abstain/run_001/answer.md,1.0,True,1.0,0.0,0.0,0.0,abstain,abstention,b79_exact_curie_temperature_abstain,4,5,4,3,5,14.337874750024639,5,0.8857142857142857,"The answer correctly abstains for B79, states that the supplied context lacks the relevant local notes or any exact Curie temperature, and avoids inventing a numeric value. Citations are useful file-level references, though not line-specific. It could add a concrete next action such as searching the actual B79 project notes, but the core expected behavior is satisfied.",5,0,0.4936507936507936,0.0,0.0,0.0,0.0,0.2,b79_exact_curie_temperature_abstain__run_001,1,project_status
1.0,0.7222222222222222,9.262092459015548,raw/tasks/b79_exact_curie_temperature_abstain/run_002/answer.md,1.0,True,0.0,0.0,0.0,0.0,abstain,abstention,b79_exact_curie_temperature_abstain,4,5,4,5,5,9.046596875006799,5,0.9428571428571428,"The answer correctly abstains from inventing an exact Curie temperature for B79, states that the supplied context lacks B79/local-note evidence, and avoids numeric temperature units. Citations are relevant but could be more precise if line-level references were available.",5,0,0.4662698412698413,0.0,0.0,0.0,0.0,0.2,b79_exact_curie_temperature_abstain__run_002,2,project_status
1.0,0.8888888888888888,8.741409834008664,raw/tasks/b79_exact_curie_temperature_abstain/run_003/answer.md,1.0,True,1.0,0.0,0.0,0.0,abstain,abstention,b79_exact_curie_temperature_abstain,4,5,4,4,5,9.11142575001577,5,0.9142857142857143,"The answer correctly abstains, explicitly states that B79's exact value cannot be determined from the supplied context, and avoids inventing a numeric temperature. Citations are reasonable but could be more precise because absence claims are hard to support from truncated context.",5,0,0.5007936507936508,0.0,0.0,0.0,0.0,0.2,b79_exact_curie_temperature_abstain__run_003,3,project_status
1.0,0.8888888888888888,6.630556249991059,raw/tasks/b79_exact_curie_temperature_abstain/run_004/answer.md,1.0,True,1.0,0.0,0.0,0.0,abstain,abstention,b79_exact_curie_temperature_abstain,4,5,4,3,5,10.69048216700321,5,0.8857142857142857,"The answer correctly abstains, explicitly says B79 is not supported by the supplied context, avoids inventing a numeric value, and avoids the forbidden unit terms. Citations are file-level rather than line-specific, but they are attached to the absence claim and are adequate for this context pack.",5,0,0.4936507936507936,0.0,0.0,0.0,0.0,0.2,b79_exact_curie_temperature_abstain__run_004,4,project_status
1.0,0.5555555555555556,8.749099832959473,raw/tasks/b79_exact_curie_temperature_abstain/run_005/answer.md,1.0,True,0.0,0.0,0.0,0.0,abstain,abstention,b79_exact_curie_temperature_abstain,4,5,4,3,5,7.907764707983006,5,0.8857142857142857,"The answer correctly abstains from giving a numeric value, explicitly states that B79 and an exact Curie temperature are not present in the supplied context, and avoids the forbidden numeric/unit invention. Citations are limited to report paths rather than precise excerpts or line-level evidence, but they support the absence-of-evidence rationale reasonably well.",5,0,0.4103174603174603,0.0,0.0,0.0,0.0,0.2,b79_exact_curie_temperature_abstain__run_005,5,project_status
1.0,0.6388888888888888,7.563370624964591,raw/tasks/b79_exact_curie_temperature_abstain/run_006/answer.md,0.5,True,1.0,0.0,0.0,0.0,abstain,abstention,b79_exact_curie_temperature_abstain,4,5,4,3,5,9.735689749999437,5,0.8857142857142857,"The answer correctly abstains, explicitly says the supplied context is insufficient to determine B79's exact Curie temperature, and avoids inventing a numeric value or using forbidden temperature units. Citations are relevant but file-level rather than highly specific. Retrieved context itself lacks the needed B79 evidence, so context relevance is only partially adequate.",5,0,0.4311507936507936,0.0,0.0,0.0,0.0,0.2,b79_exact_curie_temperature_abstain__run_006,6,project_status
1.0,0.5555555555555556,5.6346154580242,raw/tasks/b79_exact_curie_temperature_abstain/run_007/answer.md,1.0,True,0.0,0.0,0.0,0.0,abstain,abstention,b79_exact_curie_temperature_abstain,4,5,4,3,5,14.979491334001068,5,0.8857142857142857,"The answer correctly abstains, explicitly mentions B79, and avoids inventing a numeric Curie temperature. It is faithful to the supplied context, which lacks B79-specific project-note evidence. Citation is acceptable but somewhat thin because it cites only a daemon pulse report rather than grounding the broader absence across the context pack.",5,0,0.4103174603174603,0.0,0.0,0.0,0.0,0.2,b79_exact_curie_temperature_abstain__run_007,7,project_status
1.0,0.8888888888888888,5.921026166994125,raw/tasks/b79_exact_curie_temperature_abstain/run_008/answer.md,1.0,True,1.0,0.0,0.0,0.0,abstain,abstention,b79_exact_curie_temperature_abstain,4,5,4,3,5,8.412708792020567,5,0.8857142857142857,"The answer correctly abstains, states that B79 and an exact Curie temperature are not present in the supplied context, and avoids inventing a numeric value. Citations are relevant but somewhat broad rather than line-specific. A stronger answer could add the next action of retrieving the actual latest B79 project note, but the core expected behavior is satisfied.",5,0,0.4936507936507936,0.0,0.0,0.0,0.0,0.2,b79_exact_curie_temperature_abstain__run_008,8,project_status
1.0,0.8888888888888888,7.275804332981352,raw/tasks/b79_exact_curie_temperature_abstain/run_009/answer.md,1.0,True,1.0,0.0,0.0,0.0,abstain,abstention,b79_exact_curie_temperature_abstain,3,5,4,2,5,16.423494125017896,5,0.8285714285714286,"The answer correctly abstains, explicitly names B79, and states that the supplied context lacks an exact value. It avoids inventing a numeric temperature and is well calibrated. Citations are plausible but not very granular, and the retrieved context itself lacks the needed project-note evidence.",5,0,0.4793650793650794,0.0,0.0,0.0,0.0,0.2,b79_exact_curie_temperature_abstain__run_009,9,project_status
